Agent,Total_Reward,Final_Pop,Steps,T_opt,Avg_CO2_mL_min
ppo,364.8489188887179,5473,14400,26.354041312153903,2.68776444468547
ppo,560.9912571795285,5509,14400,27.689186138560068,2.6886457581244434
ppo,505.6367393620312,5496,14400,26.674645628255476,2.679315124684621
random,-104.13392210395686,5098,14400,28.465146324629078,2.2567010610248266
random,221.48970309650207,5207,14400,27.853523392838344,2.4254303509686603
random,-401.9870538154064,4894,14400,27.64510715033457,2.5311991789960304

7 sensors:
  SUMMARY (Mean across episodes)
============================================================
        Total_Reward    Final_Pop    Steps  Avg_CO2_mL_min
Agent
ppo       477.158972  5492.666667  14400.0        2.685242
random    -94.877091  5066.333333  14400.0        2.404444

============================================================
