b,t,dw,ntu,stir,light,ratio
b000_base_s120_l400_h02,12.0,86.9,71.521,120.0,400.0,0.8230264672036823
b000_base_s120_l400_h02,24.0,82.8,70.06450000000001,120.0,400.0,0.8461896135265702
b000_base_s120_l400_h02,36.0,95.3,74.625,120.0,400.0,0.7830535152151102
b000_base_s120_l400_h02,48.0,99.7,80.5325,120.0,400.0,0.8077482447342026
b000_base_s120_l400_h02,60.0,104.4,80.576,120.0,400.0,0.7718007662835248
b000_base_s120_l400_h02,72.0,109.8,78.6665,120.0,400.0,0.7164526411657559
b000_base_s120_l400_h02,84.0,94.5,76.7225,120.0,400.0,0.8118783068783069
b000_base_s120_l400_h02,96.0,101.2,75.4565,120.0,400.0,0.7456175889328064
b000_base_s120_l400_h02,108.0,99.6,78.055,120.0,400.0,0.7836847389558234
b000_base_s120_l400_h02,120.0,90.1,67.513,120.0,400.0,0.7493118756936739
b000_base_s120_l400_h02,132.0,88.9,67.65799999999999,120.0,400.0,0.7610573678290212
b001_base_s120_l400_h02,12.0,98.7,85.07900000000001,120.0,400.0,0.8619959473150963
b001_base_s120_l400_h02,24.0,98.7,79.1545,120.0,400.0,0.8019706180344478
b001_base_s120_l400_h02,36.0,105.3,81.648,120.0,400.0,0.7753846153846153
b001_base_s120_l400_h02,48.0,109.9,84.877,120.0,400.0,0.7723111919927206
b001_base_s120_l400_h02,60.0,104.2,76.756,120.0,400.0,0.7366218809980806
b001_base_s120_l400_h02,72.0,91.5,79.1735,120.0,400.0,0.8652841530054646
b001_base_s120_l400_h02,84.0,90.7,80.001,120.0,400.0,0.882039691289967
b001_base_s120_l400_h02,96.0,88.7,75.896,120.0,400.0,0.8556482525366403
b001_base_s120_l400_h02,108.0,98.7,75.51599999999999,120.0,400.0,0.7651063829787232
b001_base_s120_l400_h02,120.0,90.3,74.8395,120.0,400.0,0.8287873754152825
b001_base_s120_l400_h02,132.0,85.3,68.4055,120.0,400.0,0.8019402110199297
b002_L200_h0,12.0,97.9,82.4145,120.0,200.0,0.8418232890704801
b002_L200_h0,24.0,113.7,90.94649999999999,120.0,200.0,0.7998812664907651
b002_L200_h0,36.0,128.4,99.6455,120.0,200.0,0.7760552959501558
b002_L200_h0,48.0,139.5,106.2865,120.0,200.0,0.761910394265233
b002_L200_h0,60.0,154.6,116.39349999999999,120.0,200.0,0.7528686934023285
b002_L200_h0,72.0,161.4,127.7445,120.0,200.0,0.7914776951672863
b002_L200_h0,84.0,164.5,133.58,120.0,200.0,0.8120364741641338
b002_L200_h0,96.0,186.1,142.191,120.0,200.0,0.7640569586243955
b002_L200_h0,108.0,201.3,154.469,120.0,200.0,0.7673571783407849
b002_L200_h0,120.0,214.7,168.51549999999997,120.0,200.0,0.78488821611551
b002_L200_h0,132.0,199.9,177.995,120.0,200.0,0.8904202101050526
b003_L200_h0,12.0,56.6,45.1375,120.0,200.0,0.797482332155477
b003_L200_h0,24.0,60.0,49.9905,120.0,200.0,0.833175
b003_L200_h0,36.0,63.6,55.8145,120.0,200.0,0.8775864779874214
b003_L200_h0,48.0,80.6,62.905,120.0,200.0,0.7804590570719604
b003_L200_h0,60.0,72.4,68.9305,120.0,200.0,0.9520787292817678
b003_L200_h0,72.0,86.0,76.91399999999999,120.0,200.0,0.8943488372093021
b003_L200_h0,84.0,104.3,83.767,120.0,200.0,0.8031351869606903
b003_L200_h0,96.0,117.1,90.32050000000001,120.0,200.0,0.7713108454312555
b003_L200_h0,108.0,123.2,101.9585,120.0,200.0,0.8275852272727272
b003_L200_h0,120.0,136.3,110.0695,120.0,200.0,0.8075531914893617
b003_L200_h0,132.0,154.7,119.0865,120.0,200.0,0.7697899159663866
b004_L800_h0,12.0,413.4,309.6755,120.0,800.0,0.7490940977261732
b004_L800_h0,24.0,441.0,327.7305,120.0,800.0,0.7431530612244898
b004_L800_h0,36.0,510.0,343.6615,120.0,800.0,0.6738460784313726
b004_L800_h0,48.0,583.1,375.59299999999996,120.0,800.0,0.6441313668324472
b004_L800_h0,60.0,564.5,374.12850000000003,120.0,800.0,0.6627608503100089
b004_L800_h0,72.0,614.0,385.9255,120.0,800.0,0.6285431596091205
b004_L800_h0,84.0,625.5,418.09950000000003,120.0,800.0,0.6684244604316547
b004_L800_h0,96.0,606.5,424.328,120.0,800.0,0.699633965375103
b004_L800_h0,108.0,698.5,445.964,120.0,800.0,0.6384595561918397
b004_L800_h0,120.0,821.4,459.382,120.0,800.0,0.5592671049427806
b004_L800_h0,132.0,779.4,462.42999999999995,120.0,800.0,0.5933153707980497
b005_L800_h0,12.0,1475.4,749.165,120.0,800.0,0.5077707740273824
b005_L800_h0,24.0,1461.0,698.3095000000001,120.0,800.0,0.47796680355920607
b005_L800_h0,36.0,1579.9,661.5305000000001,120.0,800.0,0.4187166909298057
b005_L800_h0,48.0,1372.5,658.921,120.0,800.0,0.480088160291439
b005_L800_h0,60.0,1585.3,626.0715,120.0,800.0,0.394923042957169
b005_L800_h0,72.0,1660.7,601.7845,120.0,800.0,0.362367977358945
b005_L800_h0,84.0,1519.7,629.0585000000001,120.0,800.0,0.4139359742054353
b005_L800_h0,96.0,1541.3,615.1495,120.0,800.0,0.3991108155453189
b005_L800_h0,108.0,1603.4,656.8779999999999,120.0,800.0,0.40967818385929894
b005_L800_h0,120.0,1725.3,664.8530000000001,120.0,800.0,0.3853550107227729
b005_L800_h0,132.0,1697.9,669.1790000000001,120.0,800.0,0.3941215619294423
b006_L1400_h0,12.0,1997.9,950.74,120.0,1400.0,0.4758696631463036
b006_L1400_h0,24.0,2019.0,844.8315,120.0,1400.0,0.4184405646359584
b006_L1400_h0,36.0,2027.2,782.1535,120.0,1400.0,0.38582946921862665
b006_L1400_h0,48.0,2118.2,766.2180000000001,120.0,1400.0,0.3617307147578133
b006_L1400_h0,60.0,2051.5,744.2495,120.0,1400.0,0.3627830855471606
b006_L1400_h0,72.0,2080.2,745.1575,120.0,1400.0,0.3582143543890011
b006_L1400_h0,84.0,2331.7,721.2085,120.0,1400.0,0.30930587125273407
b006_L1400_h0,96.0,2221.2,705.6025,120.0,1400.0,0.3176672519358905
b006_L1400_h0,108.0,2158.1,693.2660000000001,120.0,1400.0,0.32123905287058063
b006_L1400_h0,120.0,2187.7,676.557,120.0,1400.0,0.3092549252639759
b006_L1400_h0,132.0,2207.5,684.6795,120.0,1400.0,0.31016058890147225
b007_L1400_h0,12.0,215.3,167.692,120.0,1400.0,0.7788759869948908
b007_L1400_h0,24.0,252.0,192.53300000000002,120.0,1400.0,0.7640198412698413
b007_L1400_h0,36.0,289.9,223.23149999999998,120.0,1400.0,0.7700293204553295
b007_L1400_h0,48.0,357.0,261.66049999999996,120.0,1400.0,0.7329425770308122
b007_L1400_h0,60.0,379.5,278.5385,120.0,1400.0,0.733961791831357
b007_L1400_h0,72.0,436.4,306.6355,120.0,1400.0,0.7026478001833181
b007_L1400_h0,84.0,486.7,330.904,120.0,1400.0,0.6798931580028765
b007_L1400_h0,96.0,518.3,357.211,120.0,1400.0,0.6891973760370442
b007_L1400_h0,108.0,570.5,381.692,120.0,1400.0,0.6690482033304119
b007_L1400_h0,120.0,559.0,405.235,120.0,1400.0,0.7249284436493739
b007_L1400_h0,132.0,609.5,428.01149999999996,120.0,1400.0,0.7022337981952419
b008_L2000_h0,12.0,58.6,44.8775,120.0,2000.0,0.7658276450511945
b008_L2000_h0,24.0,67.0,51.216499999999996,120.0,2000.0,0.7644253731343283
b008_L2000_h0,36.0,84.1,56.959,120.0,2000.0,0.6772770511296077
b008_L2000_h0,48.0,95.8,65.924,120.0,2000.0,0.688141962421712
b008_L2000_h0,60.0,116.6,76.3275,120.0,2000.0,0.6546097770154374
b008_L2000_h0,72.0,131.9,84.99549999999999,120.0,2000.0,0.6443934799090218
b008_L2000_h0,84.0,151.6,106.3615,120.0,2000.0,0.7015930079155673
b008_L2000_h0,96.0,198.0,127.6035,120.0,2000.0,0.6444621212121212
b008_L2000_h0,108.0,224.6,159.786,120.0,2000.0,0.7114247551202137
b008_L2000_h0,120.0,269.8,190.86200000000002,120.0,2000.0,0.7074203113417347
b008_L2000_h0,132.0,286.3,217.6135,120.0,2000.0,0.7600890674118057
b009_L2000_h0,12.0,77.3,56.1845,120.0,2000.0,0.726836998706339
b009_L2000_h0,24.0,88.1,60.7125,120.0,2000.0,0.6891316685584563
b009_L2000_h0,36.0,105.6,68.0175,120.0,2000.0,0.6441051136363637
b009_L2000_h0,48.0,112.0,74.03450000000001,120.0,2000.0,0.6610223214285715
b009_L2000_h0,60.0,141.8,76.237,120.0,2000.0,0.5376375176304654
b009_L2000_h0,72.0,142.7,90.38149999999999,120.0,2000.0,0.6333672039243167
b009_L2000_h0,84.0,152.2,108.18299999999999,120.0,2000.0,0.7107950065703023
b009_L2000_h0,96.0,187.2,122.6765,120.0,2000.0,0.6553231837606838
b009_L2000_h0,108.0,199.5,139.149,120.0,2000.0,0.6974887218045113
b009_L2000_h0,120.0,217.7,165.92849999999999,120.0,2000.0,0.76218879191548
b009_L2000_h0,132.0,254.0,177.2125,120.0,2000.0,0.6976870078740157
b010_E3_l400_h0,12.0,138.2,116.949,120.0,400.0,0.8462301013024602
b010_E3_l400_h0,24.0,149.1,121.517,120.0,400.0,0.8150033534540577
b010_E3_l400_h0,36.0,161.0,135.0215,120.0,400.0,0.8386428571428571
b010_E3_l400_h0,48.0,186.1,148.802,120.0,400.0,0.7995808704997314
b010_E3_l400_h0,60.0,219.8,162.8605,120.0,400.0,0.7409485896269336
b010_E3_l400_h0,72.0,232.1,172.0845,120.0,400.0,0.7414239551917277
b010_E3_l400_h0,84.0,232.3,187.719,120.0,400.0,0.8080886784330606
b010_E3_l400_h0,96.0,226.1,195.427,120.0,400.0,0.8643387881468376
b010_E3_l400_h0,108.0,259.4,211.029,120.0,400.0,0.8135273708558212
b010_E3_l400_h0,120.0,288.7,228.63150000000002,120.0,400.0,0.7919345341184622
b010_E3_l400_h0,132.0,302.5,229.6625,120.0,400.0,0.7592148760330578
b011_E3_l400_h0,12.0,142.5,116.848,120.0,400.0,0.8199859649122807
b011_E3_l400_h0,24.0,179.6,133.697,120.0,400.0,0.7444153674832963
b011_E3_l400_h0,36.0,194.9,148.886,120.0,400.0,0.7639096972806567
b011_E3_l400_h0,48.0,195.3,164.459,120.0,400.0,0.842083973374296
b011_E3_l400_h0,60.0,245.7,188.2295,120.0,400.0,0.7660948310948311
b011_E3_l400_h0,72.0,268.5,213.8625,120.0,400.0,0.7965083798882682
b011_E3_l400_h0,84.0,311.5,230.151,120.0,400.0,0.7388475120385233
b011_E3_l400_h0,96.0,350.3,237.844,120.0,400.0,0.6789723094490436
b011_E3_l400_h0,108.0,338.2,252.989,120.0,400.0,0.7480455351862804
b011_E3_l400_h0,120.0,388.5,271.759,120.0,400.0,0.6995083655083656
b011_E3_l400_h0,132.0,408.7,297.519,120.0,400.0,0.7279642769757769
b012_E3_l1000_h0,12.0,156.1,116.922,120.0,1000.0,0.7490198590647021
b012_E3_l1000_h0,24.0,184.2,136.80450000000002,120.0,1000.0,0.7426954397394139
b012_E3_l1000_h0,36.0,205.0,158.3295,120.0,1000.0,0.7723390243902439
b012_E3_l1000_h0,48.0,222.6,179.73700000000002,120.0,1000.0,0.8074438454627135
b012_E3_l1000_h0,60.0,288.0,209.5845,120.0,1000.0,0.7277239583333333
b012_E3_l1000_h0,72.0,313.0,233.501,120.0,1000.0,0.7460095846645367
b012_E3_l1000_h0,84.0,366.0,246.29649999999998,120.0,1000.0,0.672941256830601
b012_E3_l1000_h0,96.0,357.5,270.085,120.0,1000.0,0.7554825174825174
b012_E3_l1000_h0,108.0,407.9,287.256,120.0,1000.0,0.7042314292718803
b012_E3_l1000_h0,120.0,448.4,320.73400000000004,120.0,1000.0,0.7152854594112401
b012_E3_l1000_h0,132.0,423.7,339.5005,120.0,1000.0,0.8012756667453387
b013_E3_l1000_h0,12.0,162.0,121.529,120.0,1000.0,0.750179012345679
b013_E3_l1000_h0,24.0,195.9,148.9445,120.0,1000.0,0.760308831036243
b013_E3_l1000_h0,36.0,267.7,181.3905,120.0,1000.0,0.6775887187149795
b013_E3_l1000_h0,48.0,297.7,219.04899999999998,120.0,1000.0,0.7358045011756802
b013_E3_l1000_h0,60.0,333.7,236.0975,120.0,1000.0,0.7075142343422236
b013_E3_l1000_h0,72.0,392.7,268.46950000000004,120.0,1000.0,0.6836503692386047
b013_E3_l1000_h0,84.0,459.0,302.2885,120.0,1000.0,0.6585806100217865
b013_E3_l1000_h0,96.0,469.4,325.6185,120.0,1000.0,0.6936908819769919
b013_E3_l1000_h0,108.0,457.2,351.876,120.0,1000.0,0.7696325459317584
b013_E3_l1000_h0,120.0,555.0,381.13149999999996,120.0,1000.0,0.6867234234234233
b013_E3_l1000_h0,132.0,553.6,400.826,120.0,1000.0,0.7240354046242775
b014_E3_l1000_h0.2,12.0,166.4,117.0515,120.0,1000.0,0.7034344951923077
b014_E3_l1000_h0.2,24.0,159.0,117.5675,120.0,1000.0,0.7394182389937106
b014_E3_l1000_h0.2,36.0,158.2,111.449,120.0,1000.0,0.7044816687737042
b014_E3_l1000_h0.2,48.0,139.9,110.441,120.0,1000.0,0.7894281629735526
b014_E3_l1000_h0.2,60.0,150.4,111.3075,120.0,1000.0,0.7400764627659574
b014_E3_l1000_h0.2,72.0,149.3,107.318,120.0,1000.0,0.7188077695914266
b014_E3_l1000_h0.2,84.0,166.1,114.4795,120.0,1000.0,0.6892203491872366
b014_E3_l1000_h0.2,96.0,145.8,110.214,120.0,1000.0,0.7559259259259259
b014_E3_l1000_h0.2,108.0,142.9,106.5435,120.0,1000.0,0.7455808257522742
b014_E3_l1000_h0.2,120.0,148.5,107.263,120.0,1000.0,0.7223097643097643
b014_E3_l1000_h0.2,132.0,144.1,110.5575,120.0,1000.0,0.7672276197085358
b015_E3_l1000_h0.2,12.0,167.6,116.1755,120.0,1000.0,0.6931712410501194
b015_E3_l1000_h0.2,24.0,142.1,111.831,120.0,1000.0,0.786988036593948
b015_E3_l1000_h0.2,36.0,121.7,108.425,120.0,1000.0,0.8909202958093673
b015_E3_l1000_h0.2,48.0,138.7,108.0825,120.0,1000.0,0.7792537851478011
b015_E3_l1000_h0.2,60.0,133.7,102.745,120.0,1000.0,0.7684741959611071
b015_E3_l1000_h0.2,72.0,119.5,95.274,120.0,1000.0,0.7972719665271967
b015_E3_l1000_h0.2,84.0,111.9,92.178,120.0,1000.0,0.8237533512064342
b015_E3_l1000_h0.2,96.0,111.7,86.36449999999999,120.0,1000.0,0.7731826320501342
b015_E3_l1000_h0.2,108.0,101.4,84.606,120.0,1000.0,0.834378698224852
b015_E3_l1000_h0.2,120.0,102.5,79.551,120.0,1000.0,0.7761073170731707
b015_E3_l1000_h0.2,132.0,111.9,80.0805,120.0,1000.0,0.7156434316353887
b016_E3_l400_h0.4,12.0,145.4,116.9305,120.0,400.0,0.8041987620357633
b016_E3_l400_h0.4,24.0,95.0,76.264,120.0,400.0,0.802778947368421
b016_E3_l400_h0.4,36.0,68.5,52.8695,120.0,400.0,0.7718175182481752
b016_E3_l400_h0.4,48.0,47.3,37.42,120.0,400.0,0.7911205073995773
b016_E3_l400_h0.4,60.0,32.0,24.319499999999998,120.0,400.0,0.7599843749999999
b016_E3_l400_h0.4,72.0,24.6,18.621000000000002,120.0,400.0,0.7569512195121951
b016_E3_l400_h0.4,84.0,20.2,15.6495,120.0,400.0,0.7747277227722772
b016_E3_l400_h0.4,96.0,11.2,8.7345,120.0,400.0,0.7798660714285716
b016_E3_l400_h0.4,108.0,9.9,7.305,120.0,400.0,0.7378787878787878
b016_E3_l400_h0.4,120.0,6.9,5.218999999999999,120.0,400.0,0.7563768115942028
b017_E3_l400_h0.4,12.0,146.7,109.6695,120.0,400.0,0.7475766871165644
b017_E3_l400_h0.4,24.0,106.7,78.5855,120.0,400.0,0.7365089034676663
b017_E3_l400_h0.4,36.0,69.0,54.3435,120.0,400.0,0.7875869565217392
b017_E3_l400_h0.4,48.0,46.3,36.7335,120.0,400.0,0.7933801295896329
b017_E3_l400_h0.4,60.0,31.3,25.09,120.0,400.0,0.8015974440894569
b017_E3_l400_h0.4,72.0,28.8,21.0025,120.0,400.0,0.7292534722222223
b017_E3_l400_h0.4,84.0,23.5,17.546,120.0,400.0,0.7466382978723404
b017_E3_l400_h0.4,96.0,20.9,15.564,120.0,400.0,0.7446889952153111
b017_E3_l400_h0.4,108.0,15.0,11.552,120.0,400.0,0.7701333333333333
b017_E3_l400_h0.4,120.0,10.7,8.7055,120.0,400.0,0.8135981308411216
b018_E4A,12.0,354.7,258.39300000000003,120.0,1333.3333333333333,0.7284832252607839
b018_E4A,24.0,370.5,266.4415,120.0,1333.3333333333333,0.7191403508771931
b018_E4A,36.0,434.3,287.8555,120.0,1333.3333333333333,0.662803361731522
b018_E4A,48.0,441.5,312.688,120.0,1333.3333333333333,0.7082400906002265
b018_E4A,60.0,446.1,318.88649999999996,120.0,1333.3333333333333,0.7148318762609279
b018_E4A,72.0,464.8,324.901,120.0,1333.3333333333333,0.6990124784853701
b018_E4A,84.0,500.9,342.9945,120.0,1333.3333333333333,0.6847564384108605
b018_E4A,96.0,491.0,359.8425,120.0,1333.3333333333333,0.732876782077393
b018_E4A,108.0,555.5,384.3835,120.0,1333.3333333333333,0.691959495949595
b018_E4A,120.0,619.1,386.784,120.0,1333.3333333333333,0.6247520594411242
b018_E4A,132.0,589.1,419.719,120.0,1333.3333333333333,0.7124749618061449
b019_E4B,12.0,355.1,248.014,120.0,1250.0,0.6984342438749648
b019_E4B,24.0,402.2,284.405,120.0,1250.0,0.7071233217304823
b019_E4B,36.0,430.8,291.6885,120.0,1250.0,0.6770856545961002
b019_E4B,48.0,390.1,299.261,120.0,1250.0,0.7671391950781851
b019_E4B,60.0,483.0,315.121,120.0,1250.0,0.6524244306418219
b019_E4B,72.0,481.0,340.6645,120.0,1250.0,0.7082422037422037
b019_E4B,84.0,554.7,350.86699999999996,120.0,1250.0,0.6325347034433025
b019_E4B,96.0,528.5,362.4395,120.0,1250.0,0.6857890255439925
b019_E4B,108.0,638.5,395.8135,120.0,1250.0,0.6199115113547377
b019_E4B,120.0,612.7,403.005,120.0,1250.0,0.6577525705891953
b019_E4B,132.0,632.9,430.033,120.0,1250.0,0.6794643703586665
b020_E4C,12.0,351.1,264.2745,120.0,1250.0,0.7527043577328396
b020_E4C,24.0,401.5,293.79499999999996,120.0,1250.0,0.7317434620174346
b020_E4C,36.0,436.8,314.5265,120.0,1250.0,0.7200698260073259
b020_E4C,48.0,489.8,343.47749999999996,120.0,1250.0,0.7012607186606777
b020_E4C,60.0,561.4,369.804,120.0,1250.0,0.6587174919843248
b020_E4C,72.0,571.8,371.202,120.0,1250.0,0.6491815320041974
b020_E4C,84.0,575.9,386.8075,120.0,1250.0,0.6716574057996181
b020_E4C,96.0,590.1,401.988,120.0,1250.0,0.6812201321809862
b020_E4C,108.0,714.6,451.8725,120.0,1250.0,0.6323432689616568
b020_E4C,120.0,801.2,449.655,120.0,1250.0,0.5612269096355467
b020_E4C,132.0,790.7,471.5535,120.0,1250.0,0.5963747312507904
b021_E5_s50,12.0,311.4,217.78300000000002,50.0,1200.0,0.6993673731535004
b021_E5_s50,24.0,388.2,235.14350000000002,50.0,1200.0,0.6057277176713035
b021_E5_s50,36.0,392.2,243.66,50.0,1200.0,0.6212646608873024
b021_E5_s50,48.0,468.0,245.531,50.0,1200.0,0.5246388888888889
b021_E5_s50,60.0,520.6,252.1205,50.0,1200.0,0.4842883211678832
b021_E5_s50,72.0,586.4,296.67449999999997,50.0,1200.0,0.505925136425648
b021_E5_s50,84.0,646.8,296.5515,50.0,1200.0,0.45849025974025975
b021_E5_s50,96.0,717.0,286.47799999999995,50.0,1200.0,0.39955090655509057
b021_E5_s50,108.0,750.6,290.72450000000003,50.0,1200.0,0.3873228084199308
b021_E5_s50,120.0,797.7,294.861,50.0,1200.0,0.3696389620157954
b021_E5_s50,132.0,834.7,288.6485,50.0,1200.0,0.34581106984545346
b022_E5_s50,12.0,310.0,225.0815,50.0,1200.0,0.7260693548387097
b022_E5_s50,24.0,364.3,237.58800000000002,50.0,1200.0,0.6521767773812792
b022_E5_s50,36.0,406.4,250.862,50.0,1200.0,0.6172785433070866
b022_E5_s50,48.0,501.3,259.0335,50.0,1200.0,0.5167235188509874
b022_E5_s50,60.0,580.0,299.775,50.0,1200.0,0.516853448275862
b022_E5_s50,72.0,616.2,308.0475,50.0,1200.0,0.49991480038948394
b022_E5_s50,84.0,648.1,312.23,50.0,1200.0,0.48176207375405034
b022_E5_s50,96.0,774.2,311.315,50.0,1200.0,0.4021118574011883
b022_E5_s50,108.0,791.5,311.4165,50.0,1200.0,0.3934510423246999
b022_E5_s50,120.0,817.6,313.9915,50.0,1200.0,0.3840404843444227
b022_E5_s50,132.0,857.4,307.306,50.0,1200.0,0.3584161418241194
b023_E5_s50,12.0,306.8,223.49349999999998,50.0,1200.0,0.7284664276401563
b023_E5_s50,24.0,347.3,236.0285,50.0,1200.0,0.6796098473941837
b023_E5_s50,36.0,403.4,251.735,50.0,1200.0,0.6240332176499753
b023_E5_s50,48.0,473.2,256.119,50.0,1200.0,0.541248943364328
b023_E5_s50,60.0,535.9,282.72900000000004,50.0,1200.0,0.5275779063258071
b023_E5_s50,72.0,599.6,306.39300000000003,50.0,1200.0,0.5109956637758506
b023_E5_s50,84.0,643.0,312.784,50.0,1200.0,0.4864447900466563
b023_E5_s50,96.0,691.8,302.051,50.0,1200.0,0.43661607400982944
b023_E5_s50,108.0,709.5,302.27549999999997,50.0,1200.0,0.4260401691331923
b023_E5_s50,120.0,739.9,300.4995,50.0,1200.0,0.40613528855250713
b023_E5_s50,132.0,870.1,305.672,50.0,1200.0,0.3513067463509942
b024_E5_s125,12.0,305.0,226.532,125.0,1200.0,0.742727868852459
b024_E5_s125,24.0,318.3,246.678,125.0,1200.0,0.7749858623939679
b024_E5_s125,36.0,391.9,279.29449999999997,125.0,1200.0,0.712667772390916
b024_E5_s125,48.0,389.4,303.4835,125.0,1200.0,0.7793618387262455
b024_E5_s125,60.0,447.4,330.62,125.0,1200.0,0.7389807778274475
b024_E5_s125,72.0,489.9,358.57349999999997,125.0,1200.0,0.7319320269442743
b024_E5_s125,84.0,508.6,398.6005,125.0,1200.0,0.783720998820291
b024_E5_s125,96.0,590.2,412.00149999999996,125.0,1200.0,0.6980709928837681
b024_E5_s125,108.0,627.1,427.2685,125.0,1200.0,0.6813402966034126
b024_E5_s125,120.0,625.2,434.9305,125.0,1200.0,0.6956661868202175
b024_E5_s125,132.0,709.5,454.48699999999997,125.0,1200.0,0.6405736434108527
b025_E5_s125,12.0,292.5,225.74,125.0,1200.0,0.7717606837606837
b025_E5_s125,24.0,342.2,247.277,125.0,1200.0,0.7226095850379894
b025_E5_s125,36.0,369.7,293.2305,125.0,1200.0,0.7931579659183122
b025_E5_s125,48.0,405.3,310.4945,125.0,1200.0,0.7660856155933876
b025_E5_s125,60.0,513.6,345.722,125.0,1200.0,0.6731347352024921
b025_E5_s125,72.0,516.0,357.2205,125.0,1200.0,0.6922877906976744
b025_E5_s125,84.0,568.8,392.716,125.0,1200.0,0.6904289732770746
b025_E5_s125,96.0,605.8,405.693,125.0,1200.0,0.6696814130075933
b025_E5_s125,108.0,627.3,425.352,125.0,1200.0,0.6780679100908656
b025_E5_s125,120.0,712.8,460.1255,125.0,1200.0,0.6455183782267115
b025_E5_s125,132.0,718.5,480.105,125.0,1200.0,0.668204592901879
b026_E5_s125,12.0,285.3,217.8265,125.0,1200.0,0.7634998247458815
b026_E5_s125,24.0,319.2,243.727,125.0,1200.0,0.7635557644110276
b026_E5_s125,36.0,374.8,270.882,125.0,1200.0,0.7227374599786552
b026_E5_s125,48.0,378.8,290.9,125.0,1200.0,0.7679514255543822
b026_E5_s125,60.0,404.9,307.0955,125.0,1200.0,0.7584477648802174
b026_E5_s125,72.0,436.8,331.20849999999996,125.0,1200.0,0.7582612179487178
b026_E5_s125,84.0,492.0,353.206,125.0,1200.0,0.7178983739837399
b026_E5_s125,96.0,526.8,376.9525,125.0,1200.0,0.7155514426727411
b026_E5_s125,108.0,537.6,412.587,125.0,1200.0,0.7674609375
b026_E5_s125,120.0,584.7,416.602,125.0,1200.0,0.71250555840602
b026_E5_s125,132.0,572.1,431.44899999999996,125.0,1200.0,0.7541496241915748
b027_E5_s200,12.0,268.6,206.4705,200.0,1200.0,0.7686913626209977
b027_E5_s200,24.0,324.0,242.8635,200.0,1200.0,0.7495787037037037
b027_E5_s200,36.0,312.4,259.754,200.0,1200.0,0.8314788732394367
b027_E5_s200,48.0,370.3,281.012,200.0,1200.0,0.7588765865514447
b027_E5_s200,60.0,396.1,320.726,200.0,1200.0,0.8097096692754354
b027_E5_s200,72.0,470.7,325.6825,200.0,1200.0,0.6919109836413851
b027_E5_s200,84.0,524.5,361.0525,200.0,1200.0,0.6883746425166826
b027_E5_s200,96.0,516.8,377.247,200.0,1200.0,0.729967105263158
b027_E5_s200,108.0,534.9,385.159,200.0,1200.0,0.7200579547578987
b027_E5_s200,120.0,555.0,418.02250000000004,200.0,1200.0,0.7531936936936937
b027_E5_s200,132.0,520.4,420.448,200.0,1200.0,0.8079323597232898
b028_E5_s200,12.0,304.4,222.187,200.0,1200.0,0.7299178712220763
b028_E5_s200,24.0,342.9,251.7305,200.0,1200.0,0.734122193059201
b028_E5_s200,36.0,349.5,261.986,200.0,1200.0,0.7496022889842632
b028_E5_s200,48.0,379.0,291.83500000000004,200.0,1200.0,0.7700131926121373
b028_E5_s200,60.0,439.6,316.6465,200.0,1200.0,0.7203059599636032
b028_E5_s200,72.0,420.8,336.43,200.0,1200.0,0.7995009505703422
b028_E5_s200,84.0,525.5,362.98249999999996,200.0,1200.0,0.6907373929590865
b028_E5_s200,96.0,576.6,386.2535,200.0,1200.0,0.6698812001387443
b028_E5_s200,108.0,554.3,435.507,200.0,1200.0,0.7856882554573337
b028_E5_s200,120.0,625.0,438.0925,200.0,1200.0,0.7009479999999999
b028_E5_s200,132.0,712.1,458.01700000000005,200.0,1200.0,0.6431919674203062
b029_E5_s200,12.0,319.3,211.458,200.0,1200.0,0.6622549326652051
b029_E5_s200,24.0,359.0,239.09449999999998,200.0,1200.0,0.6660013927576601
b029_E5_s200,36.0,421.7,289.6175,200.0,1200.0,0.6867856295944985
b029_E5_s200,48.0,409.2,306.581,200.0,1200.0,0.7492204301075269
b029_E5_s200,60.0,481.3,338.50800000000004,200.0,1200.0,0.7033201745273219
b029_E5_s200,72.0,502.8,374.4115,200.0,1200.0,0.7446529435163086
b029_E5_s200,84.0,564.5,403.9995,200.0,1200.0,0.7156767050487157
b029_E5_s200,96.0,579.8,406.64549999999997,200.0,1200.0,0.701354777509486
b029_E5_s200,108.0,596.9,447.5655,200.0,1200.0,0.7498165521862958
b029_E5_s200,120.0,675.3,489.248,200.0,1200.0,0.7244898563601363
b029_E5_s200,132.0,747.1,500.1605,200.0,1200.0,0.6694692812207201
b030_E6_s80,12.0,305.2,232.6935,80.0,1200.0,0.7624295543905636
b030_E6_s80,24.0,382.6,249.2425,80.0,1200.0,0.6514440669106116
b030_E6_s80,36.0,440.1,264.401,80.0,1200.0,0.6007748239036582
b030_E6_s80,48.0,467.6,272.4325,80.0,1200.0,0.5826186911890504
b030_E6_s80,60.0,599.2,311.669,80.0,1200.0,0.5201418558077436
b030_E6_s80,72.0,605.9,328.58799999999997,80.0,1200.0,0.5423139131869945
b030_E6_s80,84.0,680.2,324.447,80.0,1200.0,0.4769876506909732
b030_E6_s80,96.0,725.7,332.97799999999995,80.0,1200.0,0.4588369849800192
b030_E6_s80,108.0,740.2,331.23699999999997,80.0,1200.0,0.44749662253445005
b030_E6_s80,120.0,821.1,322.87350000000004,80.0,1200.0,0.39322067957617834
b030_E6_s80,132.0,917.4,322.0685,80.0,1200.0,0.35106660126444295
b031_E6_s80,12.0,341.1,220.4875,80.0,1200.0,0.6464013485781296
b031_E6_s80,24.0,379.2,244.0195,80.0,1200.0,0.6435113396624472
b031_E6_s80,36.0,475.7,264.748,80.0,1200.0,0.5565440403615725
b031_E6_s80,48.0,576.6,282.8945,80.0,1200.0,0.490625216788068
b031_E6_s80,60.0,599.5,312.1865,80.0,1200.0,0.520744787322769
b031_E6_s80,72.0,733.6,321.88300000000004,80.0,1200.0,0.4387718102508179
b031_E6_s80,84.0,712.9,331.98699999999997,80.0,1200.0,0.4656852293449291
b031_E6_s80,96.0,746.7,315.08399999999995,80.0,1200.0,0.4219686621132984
b031_E6_s80,108.0,793.7,323.43899999999996,80.0,1200.0,0.4075078745117802
b031_E6_s80,120.0,835.9,316.9665,80.0,1200.0,0.3791918889819356
b031_E6_s80,132.0,957.0,332.0625,80.0,1200.0,0.34698275862068967
b032_E6_s80,12.0,330.2,248.899,80.0,1200.0,0.7537825560266506
b032_E6_s80,24.0,410.8,282.81500000000005,80.0,1200.0,0.6884493670886077
b032_E6_s80,36.0,510.9,296.101,80.0,1200.0,0.5795674300254453
b032_E6_s80,48.0,555.9,357.1465,80.0,1200.0,0.6424653714696889
b032_E6_s80,60.0,741.8,368.254,80.0,1200.0,0.4964330008088434
b032_E6_s80,72.0,772.0,373.8565,80.0,1200.0,0.48427007772020725
b032_E6_s80,84.0,812.2,377.3275,80.0,1200.0,0.4645746121644915
b032_E6_s80,96.0,961.9,384.54949999999997,80.0,1200.0,0.39978116228298155
b032_E6_s80,108.0,906.5,383.244,80.0,1200.0,0.4227733039161611
b032_E6_s80,120.0,1079.1,403.9715,80.0,1200.0,0.37435965156148643
b032_E6_s80,132.0,1077.0,441.459,80.0,1200.0,0.40989693593314763
b033_E6_pulse,12.0,328.7,219.67849999999999,58.333333333333336,1200.0,0.6683252205658655
b033_E6_pulse,24.0,365.9,233.1855,58.333333333333336,1200.0,0.6372929762230117
b033_E6_pulse,36.0,446.2,255.74200000000002,58.333333333333336,1200.0,0.5731555356342448
b033_E6_pulse,48.0,518.4,263.8645,58.333333333333336,1200.0,0.5089978780864198
b033_E6_pulse,60.0,566.9,285.8405,58.333333333333336,1200.0,0.5042167930852003
b033_E6_pulse,72.0,539.2,325.663,58.333333333333336,1200.0,0.6039744065281899
b033_E6_pulse,84.0,562.2,317.347,58.333333333333336,1200.0,0.564473496976165
b033_E6_pulse,96.0,702.9,332.5665,58.333333333333336,1200.0,0.47313486982501074
b033_E6_pulse,108.0,736.0,325.4205,58.333333333333336,1200.0,0.4421474184782609
b033_E6_pulse,120.0,804.3,338.03200000000004,58.333333333333336,1200.0,0.42028098968046756
b033_E6_pulse,132.0,801.5,342.7575,58.333333333333336,1200.0,0.4276450405489707
b034_E6_pulse,12.0,305.2,234.4675,58.333333333333336,1200.0,0.7682421363040629
b034_E6_pulse,24.0,410.2,254.587,58.333333333333336,1200.0,0.6206411506582155
b034_E6_pulse,36.0,452.5,283.1265,58.333333333333336,1200.0,0.6256939226519338
b034_E6_pulse,48.0,502.0,301.07349999999997,58.333333333333336,1200.0,0.5997480079681274
b034_E6_pulse,60.0,518.0,352.291,58.333333333333336,1200.0,0.6800984555984556
b034_E6_pulse,72.0,662.2,354.242,58.333333333333336,1200.0,0.5349471458773785
b034_E6_pulse,84.0,701.9,359.06449999999995,58.333333333333336,1200.0,0.5115607636415443
b034_E6_pulse,96.0,660.1,368.5585,58.333333333333336,1200.0,0.558337373125284
b034_E6_pulse,108.0,798.5,363.1975,58.333333333333336,1200.0,0.4548497182216656
b034_E6_pulse,120.0,920.1,374.41499999999996,58.333333333333336,1200.0,0.4069285947179654
b034_E6_pulse,132.0,934.3,372.9545,58.333333333333336,1200.0,0.3991806700203361
b035_E6_pulse,12.0,312.4,222.372,58.333333333333336,1200.0,0.7118181818181819
b035_E6_pulse,24.0,367.1,253.1235,58.333333333333336,1200.0,0.6895219286298011
b035_E6_pulse,36.0,438.2,268.555,58.333333333333336,1200.0,0.6128594249201278
b035_E6_pulse,48.0,527.7,288.951,58.333333333333336,1200.0,0.5475667993177942
b035_E6_pulse,60.0,582.7,346.2635,58.333333333333336,1200.0,0.5942397460099537
b035_E6_pulse,72.0,656.8,349.067,58.333333333333336,1200.0,0.5314661997563946
b035_E6_pulse,84.0,673.0,349.8145,58.333333333333336,1200.0,0.5197838038632987
b035_E6_pulse,96.0,682.5,351.7635,58.333333333333336,1200.0,0.5154043956043957
b035_E6_pulse,108.0,816.4,348.973,58.333333333333336,1200.0,0.427453454189123
b035_E6_pulse,120.0,873.5,364.465,58.333333333333336,1200.0,0.41724670864338864
b035_E6_pulse,132.0,931.8,355.475,58.333333333333336,1200.0,0.3814928096157974
b036_E7_i30_L1200,12.0,21.9,16.8,80.0,1200.0,0.767123287671233
b036_E7_i30_L1200,24.0,30.8,22.5845,80.0,1200.0,0.733262987012987
b036_E7_i30_L1200,36.0,43.2,31.68,80.0,1200.0,0.7333333333333333
b036_E7_i30_L1200,48.0,56.8,42.5655,80.0,1200.0,0.7493926056338028
b036_E7_i30_L1200,60.0,84.6,59.789500000000004,80.0,1200.0,0.7067316784869977
b036_E7_i30_L1200,72.0,107.6,78.503,80.0,1200.0,0.7295817843866171
b036_E7_i30_L1200,84.0,153.5,104.492,80.0,1200.0,0.6807296416938111
b036_E7_i30_L1200,96.0,213.7,141.111,80.0,1200.0,0.6603228825456247
b036_E7_i30_L1200,108.0,279.3,164.735,80.0,1200.0,0.5898138202649481
b036_E7_i30_L1200,120.0,318.5,198.74,80.0,1200.0,0.6239874411302982
b036_E7_i30_L1200,132.0,385.6,222.9635,80.0,1200.0,0.5782248443983402
b037_E7_i30_L1200,12.0,24.8,19.2635,80.0,1200.0,0.7767540322580645
b037_E7_i30_L1200,24.0,30.0,25.610999999999997,80.0,1200.0,0.8536999999999999
b037_E7_i30_L1200,36.0,40.3,33.483,80.0,1200.0,0.8308436724565756
b037_E7_i30_L1200,48.0,55.6,46.004999999999995,80.0,1200.0,0.8274280575539568
b037_E7_i30_L1200,60.0,74.4,58.6235,80.0,1200.0,0.7879502688172042
b037_E7_i30_L1200,72.0,98.0,78.4055,80.0,1200.0,0.8000561224489796
b037_E7_i30_L1200,84.0,130.5,101.229,80.0,1200.0,0.7757011494252873
b037_E7_i30_L1200,96.0,176.6,132.0115,80.0,1200.0,0.747516987542469
b037_E7_i30_L1200,108.0,216.8,158.3895,80.0,1200.0,0.7305788745387454
b037_E7_i30_L1200,120.0,272.3,178.0925,80.0,1200.0,0.6540304810870363
b037_E7_i30_L1200,132.0,322.5,223.0205,80.0,1200.0,0.6915364341085272
b038_E7_i30_L400,12.0,26.1,22.1485,80.0,400.0,0.8486015325670497
b038_E7_i30_L400,24.0,35.2,30.705,80.0,400.0,0.8723011363636363
b038_E7_i30_L400,36.0,48.9,42.6465,80.0,400.0,0.872116564417178
b038_E7_i30_L400,48.0,75.7,59.539,80.0,400.0,0.7865125495376486
b038_E7_i30_L400,60.0,95.1,78.5695,80.0,400.0,0.8261777076761305
b038_E7_i30_L400,72.0,130.2,97.471,80.0,400.0,0.7486251920122888
b038_E7_i30_L400,84.0,161.0,125.827,80.0,400.0,0.7815341614906832
b038_E7_i30_L400,96.0,208.3,147.38549999999998,80.0,400.0,0.7075636101776283
b038_E7_i30_L400,108.0,231.3,165.05700000000002,80.0,400.0,0.7136057068741894
b038_E7_i30_L400,120.0,283.8,179.8345,80.0,400.0,0.6336663143058492
b038_E7_i30_L400,132.0,330.2,208.2855,80.0,400.0,0.6307858873410055
b039_E7_i30_L400,12.0,24.8,20.2895,80.0,400.0,0.818125
b039_E7_i30_L400,24.0,34.2,26.372999999999998,80.0,400.0,0.7711403508771928
b039_E7_i30_L400,36.0,41.0,34.316500000000005,80.0,400.0,0.8369878048780489
b039_E7_i30_L400,48.0,59.5,44.4725,80.0,400.0,0.7474369747899159
b039_E7_i30_L400,60.0,83.9,56.641999999999996,80.0,400.0,0.6751132300357567
b039_E7_i30_L400,72.0,98.8,74.505,80.0,400.0,0.7540991902834008
b039_E7_i30_L400,84.0,135.5,91.2535,80.0,400.0,0.6734575645756458
b039_E7_i30_L400,96.0,152.9,111.3765,80.0,400.0,0.7284270765206017
b039_E7_i30_L400,108.0,184.4,129.691,80.0,400.0,0.7033134490238612
b039_E7_i30_L400,120.0,215.8,145.43650000000002,80.0,400.0,0.6739411492122336
b039_E7_i30_L400,132.0,258.4,153.053,80.0,400.0,0.5923103715170279
