b,t,light,stir,T,x,P,mu
b018,0.0,1000.0,120.0,34.526,353.7193209202797,0.9923620256236594,0.0027493160931580645
b018,12.0,1000.0,120.0,34.565727272727266,377.4073699568964,1.7878721710292405,0.004843792797706703
b018,24.0,2000.0,120.0,36.16536363636363,410.36414791256243,2.545822307129404,0.0062550641991709205
b018,36.0,2000.0,120.0,38.36390909090909,448.0920164509302,4.107090750392599,0.009188424560286576
b018,48.0,500.0,120.0,34.93554545454545,470.43592217753417,0.7323976488976527,0.0015938589950200703
b018,60.0,500.0,120.0,34.370363636363635,484.6084067315345,1.8276467561534453,0.0037982463587053488
b018,72.0,1500.0,120.0,34.596545454545456,516.4413538816717,0.9719336787957961,0.0018988849122555155
b018,84.0,1500.0,120.0,34.9350909090909,547.2977082166772,2.6555929225682506,0.0049673081496672275
b018,96.0,1000.0,120.0,34.69936363636363,572.1320206745154,2.1887004024695487,0.003669166142364548
b018,108.0,1000.0,120.0,34.39027272727273,608.4075505838545,2.6747231226064048,0.00440338429299039
b018,120.0,2000.0,120.0,36.481,639.7706922475661,6.835588038881015,0.010784714311258494
b018,132.0,2000.0,120.0,37.886545454545455,669.9909781601041,6.132220146276834,0.009170819308676453
b019,0.0,2000.0,120.0,36.35681818181817,342.23765515115747,1.8786840226756099,0.005478697812622887
b019,12.0,2000.0,120.0,37.23809090909091,393.2757962216985,0.7813276560075304,0.0018728685987540847
b019,24.0,500.0,120.0,33.90209090909091,416.9525061904296,0.748123185964227,0.00177737384622528
b019,36.0,500.0,120.0,33.071272727272735,435.4403600472691,1.6422651352119422,0.0037207229495792634
b019,48.0,1500.0,120.0,33.62136363636363,458.1453852285929,1.8716953865722135,0.004126483303661342
b019,60.0,1500.0,120.0,33.66881818181818,503.71064685874603,0.5654397417101148,0.001136680007602061
b019,72.0,1000.0,120.0,33.45781818181818,529.307733726508,0.550998215094242,0.0010815679001110903
b019,84.0,1000.0,120.0,33.37172727272728,553.8147049997568,1.0569489646826533,0.0018721765239459876
b019,96.0,2000.0,120.0,35.131181818181815,596.1312854697279,6.54248490226573,0.011180044271426978
b019,108.0,2000.0,120.0,36.64172727272727,630.5028587354007,1.8521215348020237,0.002951772280734898
b019,120.0,500.0,120.0,33.72463636363637,675.0645161302593,5.452088305637247,0.00804971025212737
b019,132.0,500.0,120.0,33.30472727272728,697.5921787490223,1.620527008150613,0.0024003018513857784
b020,0.0,1500.0,120.0,33.81790909090909,356.1916794365866,3.897431193345126,0.010943656960204358
b020,12.0,1500.0,120.0,33.35536363636364,402.44029679413376,3.9810893732673613,0.009812494524086252
b020,24.0,1000.0,120.0,33.30154545454546,451.87766073304016,4.022046521263457,0.008909117172818068
b020,36.0,1000.0,120.0,33.258545454545455,494.3581100201145,3.8585847853761317,0.007689303499540684
b020,48.0,2000.0,120.0,35.01727272727272,543.8310240302113,4.7491314440545604,0.008794741455797448
b020,60.0,2000.0,120.0,36.62772727272728,565.7640903678133,3.1394746773417554,0.0055827309476246005
b020,72.0,500.0,120.0,33.53927272727273,593.1309307162749,1.958494478612831,0.003340173227223647
b020,84.0,500.0,120.0,33.02909090909091,619.4235807678667,2.8508701586389105,0.004652964772958148
b020,96.0,1500.0,120.0,33.538090909090904,683.0304811289947,12.408473370311176,0.018243025466430595
b020,108.0,1500.0,120.0,33.45309090909091,740.1542293872443,-3.481825705658444,-0.004723732654441269
b020,120.0,1000.0,120.0,33.534,768.625300429446,2.5786281019327517,0.00339251523092056
b020,132.0,1000.0,120.0,33.44809090909091,790.5039895125802,1.335891489882081,0.0016613249391578045
