hour,turbidity_ntu,ph,pump_L,conductivity,temp_c,lux,stir_rpm,light_umol,harvest_frac
0.0,101.425,10.037,0.0,28858.236,33.181,36135.547,80.0,1221.5,0.0
1.0,103.845,9.921,0.0,29332.338,33.067,53463.578,80.0,1800.0,0.0
2.0,102.119,9.677,0.0,29829.203,34.096,52609.898,80.0,1800.0,0.0
3.0,106.561,10.044,0.0,29293.344,34.513,53239.297,80.0,1800.0,0.0
4.0,109.014,9.977,0.0,29560.656,33.764,53295.191,80.0,1800.0,0.0
5.0,109.779,10.067,0.0,29987.098,34.204,53369.363,80.0,1800.0,0.0
6.0,115.4,9.725,0.0,29777.426,33.774,53146.566,80.0,1800.0,0.0
7.0,117.814,10.035,0.0,30162.814,34.617,53353.656,80.0,1800.0,0.0
8.0,117.404,9.918,0.0,30360.711,34.053,52352.527,80.0,1800.0,0.0
9.0,121.672,9.816,0.0,30487.617,34.165,54005.984,80.0,1800.0,0.0
10.0,127.514,9.825,0.0,30188.814,34.042,52767.711,80.0,1800.0,0.0
11.0,132.593,9.776,0.0,29987.188,34.16,54303.199,80.0,1800.0,0.0
12.0,133.075,10.027,0.0,30205.057,34.8,54040.531,80.0,1800.0,0.0
13.0,138.713,9.948,0.0,29786.412,34.614,52476.727,80.0,1800.0,0.0
14.0,136.902,9.726,0.0,29619.623,35.194,54091.078,80.0,1800.0,0.0
15.0,141.915,9.731,0.0,30405.676,34.294,53667.273,80.0,1800.0,0.0
16.0,146.362,9.798,0.0,30729.535,35.231,53920.18,80.0,1800.0,0.0
17.0,150.149,9.834,0.0,30356.842,34.619,53242.203,80.0,1800.0,0.0
18.0,152.389,10.107,0.0,30893.975,35.721,53164.168,80.0,1800.0,0.0
19.0,155.179,10.043,0.0,30963.701,34.853,53582.676,80.0,1800.0,0.0
20.0,159.791,9.853,0.0,29988.738,35.532,52869.027,80.0,1800.0,0.0
21.0,162.133,9.906,0.0,30034.785,35.314,52586.594,80.0,1800.0,0.0
22.0,168.676,10.134,0.0,30753.432,35.576,53844.508,80.0,1800.0,0.0
23.0,168.343,9.908,0.0,30592.305,34.724,53649.625,80.0,1800.0,0.0
24.0,173.453,9.872,0.004,30660.227,34.694,54237.801,80.0,1800.0,0.1212
25.0,174.716,9.868,0.004,30810.766,35.485,53271.246,80.0,1800.0,0.1264
26.0,177.378,9.982,0.004,31014.852,34.659,53383.031,80.0,1800.0,0.1291
27.0,184.364,9.938,0.004,29959.709,34.861,54364.793,80.0,1800.0,0.1336
28.0,183.598,10.14,0.004,30149.104,35.31,53770.492,80.0,1800.0,0.1371
29.0,199.162,10.091,0.004,30000.77,34.581,53958.047,80.0,1800.0,0.1857
30.0,206.311,9.977,0.004,30201.135,34.96,53114.859,80.0,1800.0,0.2272
31.0,209.931,10.049,0.004,30227.117,35.781,53396.207,80.0,1800.0,0.2463
32.0,202.906,10.065,0.004,30874.152,34.58,53637.09,80.0,1800.0,0.2643
33.0,205.259,9.929,0.004,31214.928,34.712,53708.383,80.0,1800.0,0.2703
34.0,209.939,10.115,0.004,30684.668,34.891,54155.93,80.0,1800.0,0.2869
35.0,216.954,10.128,0.004,30362.643,35.361,52827.695,80.0,1800.0,0.3083
36.0,173.774,10.104,4.262,30453.256,35.433,53566.629,80.0,1800.0,0.3187
37.0,180.32,10.05,4.234,30148.803,35.72,53457.703,80.0,1800.0,0.2202
38.0,185.597,9.897,4.39,30486.625,35.997,53832.766,80.0,1800.0,0.1793
39.0,181.633,9.846,4.351,31071.193,34.907,53881.492,80.0,1800.0,0.1708
40.0,187.184,10.165,4.378,31007.973,35.061,52955.863,80.0,1800.0,0.169
41.0,190.163,10.082,4.284,30829.486,34.982,52765.895,80.0,1800.0,0.1735
42.0,194.875,10.202,4.32,30449.252,35.205,52750.992,80.0,1800.0,0.1829
43.0,194.871,10.008,4.299,31030.236,35.617,54283.566,80.0,1800.0,0.1942
44.0,196.993,10.172,4.237,30735.902,35.273,53707.465,80.0,1800.0,0.2033
45.0,201.687,10.13,4.3,30541.91,35.8,53874.289,80.0,1800.0,0.1938
46.0,207.332,10.083,4.25,30645.461,34.646,53036.719,80.0,1800.0,0.2261
47.0,208.933,10.091,4.245,31050.889,35.197,53004.977,80.0,1800.0,0.2742
48.0,175.107,10.075,8.549,30913.799,35.201,53412.953,80.0,1800.0,0.3126
49.0,169.506,9.834,8.497,31247.127,34.824,52813.684,80.0,1800.0,0.2178
50.0,169.731,10.119,8.336,31226.93,35.929,53040.316,80.0,1800.0,0.1748
51.0,176.431,10.094,8.434,31153.545,34.792,54161.598,80.0,1800.0,0.1631
52.0,183.457,10.214,8.46,30133.229,34.813,53029.117,80.0,1800.0,0.1609
53.0,182.704,9.923,8.366,30476.672,35.236,53215.277,80.0,1800.0,0.1651
54.0,191.327,10.175,8.53,30526.648,35.491,53535.328,80.0,1800.0,0.1739
55.0,189.413,9.899,8.52,30990.266,34.836,52404.598,80.0,1800.0,0.1826
56.0,189.799,10.075,8.417,30367.359,34.901,52600.164,80.0,1800.0,0.1999
57.0,193.623,9.852,8.565,30169.834,35.84,52850.605,80.0,1800.0,0.2132
58.0,201.996,9.894,8.359,31052.854,34.824,53258.469,80.0,1800.0,0.2391
59.0,210.577,10.235,8.512,31011.832,35.457,52208.422,80.0,1800.0,0.4707
60.0,179.124,9.973,13.018,31147.574,36.045,53173.418,80.0,1800.0,0.3517
61.0,186.78,9.93,12.905,31162.945,36.027,53592.844,80.0,1800.0,0.2736
62.0,188.887,10.007,12.965,30058.246,35.858,53252.703,80.0,1800.0,0.245
63.0,198.617,10.214,13.193,31056.033,35.617,53061.367,80.0,1800.0,0.2327
64.0,192.639,9.952,13.058,31109.861,35.137,54010.297,80.0,1800.0,0.2321
65.0,192.484,10.141,12.925,30713.529,34.775,52341.234,80.0,1800.0,0.2361
66.0,193.812,9.972,13.207,30152.029,34.868,52954.289,80.0,1800.0,0.2372
67.0,198.804,10.16,13.163,30499.061,35.62,54190.758,80.0,1800.0,0.2489
68.0,203.884,10.037,13.039,30536.414,35.407,53534.16,80.0,1800.0,0.2597
69.0,203.71,10.102,13.221,30336.768,35.362,53955.195,80.0,1800.0,0.2833
70.0,211.275,9.866,13.029,30712.326,35.961,53605.895,80.0,1800.0,0.3063
71.0,214.818,9.857,12.722,30986.176,35.647,53986.328,80.0,1800.0,0.3524
72.0,151.322,10.233,18.451,30654.066,35.46,52922.223,80.0,1800.0,0.3652
73.0,156.159,9.995,18.714,30326.42,35.233,52498.727,80.0,1800.0,0.2241
74.0,155.85,9.914,18.16,30724.48,35.475,53400.562,80.0,1800.0,0.1576
75.0,160.059,9.991,18.344,31153.711,35.61,52694.309,80.0,1800.0,0.1343
76.0,165.247,9.862,18.741,30418.795,34.989,52702.797,80.0,1800.0,0.1298
77.0,170.576,10.049,18.19,30798.16,35.984,54236.746,80.0,1800.0,0.1278
78.0,168.635,10.106,18.404,30358.631,34.871,53084.227,80.0,1800.0,0.1403
79.0,174.33,10.123,18.292,30450.17,35.755,54408.316,80.0,1800.0,0.1584
80.0,171.786,10.163,18.439,30291.721,35.718,53272.16,80.0,1800.0,0.1614
81.0,181.233,10.197,18.825,30684.314,35.452,52710.871,80.0,1800.0,0.1809
82.0,182.892,10.063,18.599,31337.604,35.913,52221.449,80.0,1800.0,0.2008
83.0,188.969,9.962,18.597,31271.525,35.873,53711.938,80.0,1800.0,0.2554
84.0,149.415,10.083,21.755,30334.48,35.856,53351.426,80.0,1800.0,0.296
85.0,154.855,9.826,22.12,30825.58,34.691,54065.582,80.0,1800.0,0.1981
86.0,158.603,10.154,22.311,30885.629,35.609,52787.652,80.0,1800.0,0.1572
87.0,162.652,10.171,22.333,31125.516,35.221,52515.551,80.0,1800.0,0.143
88.0,168.97,10.045,21.801,30651.902,35.381,52338.934,80.0,1800.0,0.1469
89.0,175.347,9.888,22.185,30376.139,35.232,52745.734,80.0,1800.0,0.1823
90.0,186.599,10.034,21.858,30635.963,35.431,54581.461,80.0,1800.0,0.245
91.0,191.862,9.987,22.105,30681.488,35.939,53135.559,80.0,1800.0,0.3106
92.0,192.734,10.102,22.251,31002.68,34.682,52333.816,80.0,1800.0,0.3527
93.0,194.837,10.23,21.988,31121.387,35.762,53927.164,80.0,1800.0,0.3903
94.0,202.767,10.044,22.417,30154.914,35.277,52593.922,80.0,1800.0,0.4477
95.0,203.23,9.858,22.411,31240.998,35.527,52441.863,80.0,1800.0,0.4775
96.0,155.423,10.13,27.825,30542.314,34.901,54242.406,80.0,1800.0,0.5
97.0,155.946,10.036,28.324,30943.932,34.708,52426.535,80.0,1800.0,0.5
98.0,153.166,9.981,27.83,30384.799,35.425,53513.234,80.0,1800.0,0.5
99.0,164.091,10.098,28.125,31112.697,35.202,53264.383,80.0,1800.0,0.5
100.0,162.939,9.924,27.424,31071.121,35.505,52965.562,80.0,1800.0,0.5
101.0,171.365,9.839,28.158,30098.666,34.867,54056.992,80.0,1800.0,0.5
102.0,171.799,9.831,28.115,31147.68,35.448,53625.027,80.0,1800.0,0.5
103.0,178.14,9.908,27.826,31138.426,35.89,52719.102,80.0,1800.0,0.5
104.0,177.211,10.009,27.562,30778.24,34.725,53622.23,80.0,1800.0,0.5
105.0,174.897,10.063,27.48,31050.854,35.004,53879.496,80.0,1800.0,0.5
106.0,186.739,9.92,28.109,30194.131,34.926,53956.809,80.0,1800.0,0.5
107.0,181.988,10.206,28.067,30908.264,34.742,52916.32,80.0,1800.0,0.5
108.0,95.514,9.824,37.863,30421.303,35.177,53018.469,80.0,1800.0,0.5
109.0,100.047,10.097,38.071,30730.441,35.682,53078.262,80.0,1800.0,0.5
110.0,98.234,10.001,37.37,31010.557,34.907,52851.383,80.0,1800.0,0.5
111.0,102.65,9.789,38.041,30760.834,35.839,53181.844,80.0,1800.0,0.5
112.0,106.867,9.895,37.231,30767.77,34.997,52263.656,80.0,1800.0,0.5
113.0,108.278,9.892,37.778,30097.801,36.057,52699.18,80.0,1800.0,0.5
114.0,113.843,10.063,37.903,30618.689,35.011,52818.543,80.0,1800.0,0.5
115.0,117.217,10.016,38.531,30930.957,35.036,53799.203,80.0,1800.0,0.5
116.0,122.625,9.919,38.596,30906.969,35.105,53747.77,80.0,1800.0,0.5
117.0,128.61,9.793,37.318,31198.832,34.718,52855.574,80.0,1800.0,0.5
118.0,135.146,10.174,37.39,30656.291,35.49,54016.246,80.0,1800.0,0.5
119.0,140.52,10.172,37.136,30684.387,35.556,52701.262,80.0,1800.0,0.5
120.0,77.701,10.104,48.257,30933.234,34.72,52500.938,80.0,1800.0,0.5
121.0,81.561,9.809,48.653,30275.119,35.225,52609.652,80.0,1800.0,0.5
122.0,81.89,9.849,47.797,30475.219,34.677,53409.121,80.0,1800.0,0.5
123.0,86.339,9.856,47.636,30173.033,34.697,53505.285,80.0,1800.0,0.5
124.0,86.286,10.132,48.624,30682.824,35.825,52912.273,80.0,1800.0,0.5
125.0,89.183,10.037,48.236,31041.359,35.414,53866.832,80.0,1800.0,0.5
126.0,94.664,9.902,47.82,30508.484,35.882,53611.992,80.0,1800.0,0.5
127.0,95.314,9.775,47.574,30744.756,34.656,52231.492,80.0,1800.0,0.5
128.0,98.159,9.883,48.754,30557.633,34.735,52948.949,80.0,1800.0,0.5
129.0,101.391,9.842,47.956,29987.211,34.72,53487.641,80.0,1800.0,0.5
130.0,101.658,9.968,48.274,30749.182,34.811,53368.594,80.0,1800.0,0.5
131.0,105.833,10.012,47.523,30165.344,35.24,52503.508,80.0,1800.0,0.5
132.0,52.971,10.017,56.909,30863.178,35.192,53487.641,80.0,1800.0,0.0
133.0,57.735,9.989,58.356,30018.896,36.008,52967.98,80.0,1800.0,0.0
134.0,56.942,9.948,58.077,30906.01,35.044,52896.199,80.0,1800.0,0.0
135.0,61.329,9.925,58.013,30663.879,35.297,54012.848,80.0,1800.0,0.0
136.0,60.066,10.021,57.545,30343.514,35.678,53810.746,80.0,1800.0,0.0
137.0,61.711,9.956,58.58,29987.791,35.638,53676.172,80.0,1800.0,0.0
138.0,68.982,9.854,58.31,29951.012,35.449,53437.188,80.0,1800.0,0.0
139.0,72.839,9.905,57.404,30058.662,34.713,53391.129,80.0,1800.0,0.0
140.0,75.487,9.777,57.053,31062.084,36.008,52868.461,80.0,1800.0,0.0
141.0,77.369,10.024,58.822,30228.361,34.658,53953.574,80.0,1800.0,0.0
142.0,80.719,9.805,57.625,30329.074,35.281,52814.316,80.0,1800.0,0.0
143.0,82.833,9.856,58.524,30850.422,35.902,52958.977,80.0,1800.0,0.0
